Linguagem,Projeto,Numero de Tokens de Codigo Fonte (Excluindo Tokens de Comentario),Numero de Tokens apenas dos Comentarios,Numero Total de Tokens do Projeto,NTCF/NTTP (%),NTC/NTTP (%),Numero de Caracteres de Codigo Fonte (Excluindo Caracteres de Comentario),Numero de Caracteres apenas dos Comentarios,Numero Total de Carateres do Projeto,NCCF/NTCP (%),NCC/NTCP (%)
JavaScript,30-seconds | 30-seconds-of-code,159383,1167,160550,99.27,0.73,484906,4947,489853,98.99,1.01
JavaScript,adam-p | markdown-here,138020,41284,179304,76.98,23.02,648454,154463,802917,80.76,19.24
JavaScript,adobe | brackets,2422091,839423,3261514,74.26,25.74,9586944,3400542,12987486,73.82,26.18
JavaScript,airbnb | enzyme,41907,13072,54979,76.22,23.78,174172,54354,228526,76.22,23.78
JavaScript,airbnb | javascript,6739,5793,12532,53.77,46.23,34139,44573,78712,43.37,56.63
JavaScript,airbnb | lottie-web,1869798,33997,1903795,98.21,1.79,5074760,131907,5206667,97.47,2.53
JavaScript,ajaxorg | ace,1818640,1043528,2862168,63.54,36.46,6242283,3399722,9642005,64.74,35.26
JavaScript,algorithm-visualizer | algorithm-visualizer,12147,50,12197,99.59,0.41,44834,223,45057,99.51,0.49
JavaScript,alsotang | node-lessons,28882,8789,37671,76.67,23.33,88857,28791,117648,75.53,24.47
JavaScript,alvarotrigo | fullPage.js,164893,23235,188128,87.65,12.35,570062,371897,941959,60.52,39.48
JavaScript,angular | angular.js,1449529,296884,1746413,83.00,17.00,6085565,1128317,7213882,84.36,15.64
JavaScript,angular | material,368651,135142,503793,73.18,26.82,1665672,525982,2191654,76.00,24.00
JavaScript,angular-ui | bootstrap,275594,11080,286674,96.13,3.87,967448,45422,1012870,95.52,4.48
JavaScript,ant-design | ant-design-pro,94601,2215,96816,97.71,2.29,414110,12152,426262,97.15,2.85
JavaScript,aosabook | 500lines,425876,422173,848049,50.22,49.78,1424994,1579542,3004536,47.43,52.57
JavaScript,apache | incubator-echarts,3922260,1060916,4983176,78.71,21.29,13028314,4132236,17160550,75.92,24.08
JavaScript,apache | incubator-superset,176094,92464,268558,65.57,34.43,734336,403288,1137624,64.55,35.45
JavaScript,atlassian | react-beautiful-dnd,317479,40426,357905,88.70,11.30,1639181,173909,1813090,90.41,9.59
JavaScript,atom | atom,628377,87999,716376,87.72,12.28,2865707,337774,3203481,89.46,10.54
JavaScript,Automattic | mongoose,668748,108442,777190,86.05,13.95,2035353,401948,2437301,83.51,16.49
JavaScript,avajs | ava,102098,5463,107561,94.92,5.08,363013,25556,388569,93.42,6.58
JavaScript,axios | axios,44048,7633,51681,85.23,14.77,160326,31444,191770,83.60,16.40
JavaScript,balderdashy | sails,175146,72651,247797,70.68,29.32,694653,301784,996437,69.71,30.29
JavaScript,balena-io | etcher,60741,30976,91717,66.23,33.77,265713,124778,390491,68.05,31.95
JavaScript,benweet | stackedit,102006,11069,113075,90.21,9.79,406324,48685,455009,89.30,10.70
JavaScript,bevacqua | dragula,25171,606,25777,97.65,2.35,79342,52874,132216,60.01,39.99
JavaScript,bilibili | flv.js,45292,9967,55259,81.96,18.04,167422,43177,210599,79.50,20.50
JavaScript,blueimp | jQuery-File-Upload,31487,6985,38472,81.84,18.16,104069,29757,133826,77.76,22.24
JavaScript,bower | bower,152242,14589,166831,91.26,8.74,554981,60076,615057,90.23,9.77
JavaScript,bvaughn | react-virtualized,120653,15010,135663,88.94,11.06,515409,64008,579417,88.95,11.05
JavaScript,caolan | async,122661,52899,175560,69.87,30.13,341328,188354,529682,64.44,35.56
JavaScript,chartjs | Chart.js,219280,25313,244593,89.65,10.35,693954,102429,796383,87.14,12.86
JavaScript,cheeriojs | cheerio,56955,2478,59433,95.83,4.17,185506,9116,194622,95.32,4.68
JavaScript,chenglou | react-motion,20409,3102,23511,86.81,13.19,65149,12264,77413,84.16,15.84
JavaScript,codemirror | CodeMirror,493558,46646,540204,91.37,8.63,1854820,194852,2049672,90.49,9.51
JavaScript,date-fns | date-fns,409582,90387,499969,81.92,18.08,1736870,300877,2037747,85.23,14.77
JavaScript,dawnlabs | carbon,28956,1725,30681,94.38,5.62,208906,7185,216091,96.68,3.32
JavaScript,defunkt | jquery-pjax,161078,51801,212879,75.67,24.33,505602,220374,725976,69.64,30.36
JavaScript,developit | preact,116169,11724,127893,90.83,9.17,386753,47780,434533,89.00,11.00
JavaScript,dimsemenov | PhotoSwipe,60115,6706,66821,89.96,10.04,199796,27915,227711,87.74,12.26
JavaScript,Dogfalo | materialize,244342,21240,265582,92.00,8.00,787973,84501,872474,90.31,9.69
JavaScript,emberjs | ember.js,580784,76547,657331,88.35,11.65,2604835,307954,2912789,89.43,10.57
JavaScript,enyo | dropzone,65191,10982,76173,85.58,14.42,216650,44184,260834,83.06,16.94
JavaScript,expressjs | express,84179,11606,95785,87.88,12.12,272557,42230,314787,86.58,13.42
JavaScript,facebook | create-react-app,60333,21108,81441,74.08,25.92,271440,89392,360832,75.23,24.77
JavaScript,facebook | draft-js,130295,36963,167258,77.90,22.10,573686,147978,721664,79.49,20.51
JavaScript,facebook | flux,58058,23143,81201,71.50,28.50,213146,90908,304054,70.10,29.90
JavaScript,facebook | jest,916905,223669,1140574,80.39,19.61,3609140,802224,4411364,81.81,18.19
JavaScript,facebook | react,872475,148271,1020746,85.47,14.53,3805574,599385,4404959,86.39,13.61
JavaScript,facebook | react-native,687306,207915,895221,76.78,23.22,3053795,833204,3886999,78.56,21.44
JavaScript,feathericons | feather,2613,561,3174,82.33,17.67,11859,1969,13828,85.76,14.24
JavaScript,felixrieseberg | windows95,208321,304,208625,99.85,0.15,572950,1146,574096,99.80,0.20
JavaScript,FortAwesome | Font-Awesome,652931,3978,656909,99.39,0.61,13521639,15030,13536669,99.89,0.11
JavaScript,framework7io | framework7,1691694,25697,1717391,98.50,1.50,5879325,113697,5993022,98.10,1.90
JavaScript,freeCodeCamp | freeCodeCamp,255723,6748,262471,97.43,2.57,3860725,29489,3890214,99.24,0.76
JavaScript,gatsbyjs | gatsby,574418,72879,647297,88.74,11.26,2733471,304508,3037979,89.98,10.02
JavaScript,GitbookIO | gitbook,61880,12659,74539,83.02,16.98,233613,45878,279491,83.59,16.41
JavaScript,github | fetch,13088,163,13251,98.77,1.23,49514,911,50425,98.19,1.81
JavaScript,goldfire | howler.js,69267,18182,87449,79.21,20.79,188500,66948,255448,73.79,26.21
JavaScript,GoogleChrome | lighthouse,331789,175534,507323,65.40,34.60,1515724,762151,2277875,66.54,33.46
JavaScript,GoogleChrome | puppeteer,174124,38273,212397,81.98,18.02,690240,143506,833746,82.79,17.21
JavaScript,gorhill | uBlock,394315,62262,456577,86.36,13.64,2369557,356217,2725774,86.93,13.07
JavaScript,gulpjs | gulp,3591,71,3662,98.06,1.94,12588,326,12914,97.48,2.52
JavaScript,h5bp | html5-boilerplate,47012,616,47628,98.71,1.29,103126,1983,105109,98.11,1.89
JavaScript,hakimel | reveal.js,115817,20104,135921,85.21,14.79,734219,81152,815371,90.05,9.95
JavaScript,hammerjs | hammer.js,45674,11013,56687,80.57,19.43,172758,41401,214159,80.67,19.33
JavaScript,hexojs | hexo,138040,2913,140953,97.93,2.07,458739,11645,470384,97.52,2.48
JavaScript,highlightjs | highlight.js,119612,16470,136082,87.90,12.10,953101,75866,1028967,92.63,7.37
JavaScript,hubotio | hubot,27182,6049,33231,81.80,18.20,101539,24532,126071,80.54,19.46
JavaScript,iamkun | dayjs,79002,871,79873,98.91,1.09,288818,3922,292740,98.66,1.34
JavaScript,ianstormtaylor | slate,220334,47889,268223,82.15,17.85,760494,150144,910638,83.51,16.49
JavaScript,immutable-js | immutable-js,72113,11114,83227,86.65,13.35,236486,42827,279313,84.67,15.33
JavaScript,impress | impress.js,39335,21737,61072,64.41,35.59,155598,86679,242277,64.22,35.78
JavaScript,JacksonTian | fks,425510,130539,556049,76.52,23.48,1095764,498550,1594314,68.73,31.27
JavaScript,jaredhanson | passport,47046,4274,51320,91.67,8.33,156989,16677,173666,90.40,9.60
JavaScript,jashkenas | backbone,159983,38319,198302,80.68,19.32,489851,156746,646597,75.76,24.24
JavaScript,jashkenas | underscore,89783,11805,101588,88.38,11.62,282894,47711,330605,85.57,14.43
JavaScript,jasmine | jasmine,183596,23864,207460,88.50,11.50,726099,91465,817564,88.81,11.19
JavaScript,jaywcjlove | awesome-mac,1796,111,1907,94.18,5.82,5945,393,6338,93.80,6.20
JavaScript,JedWatson | react-select,75249,7686,82935,90.73,9.27,362055,33409,395464,91.55,8.45
JavaScript,jiahaog | nativefier,16459,1725,18184,90.51,9.49,73087,7669,80756,90.50,9.50
JavaScript,jorgebucaran | hyperapp,2608,0,2608,100.00,0.00,7741,0,7741,100.00,0.00
JavaScript,jquery | jquery,612828,155186,768014,79.79,20.21,2116210,2751932,4868142,43.47,56.53
JavaScript,juliangarnier | anime,107733,4729,112462,95.80,4.20,308088,21167,329255,93.57,6.43
JavaScript,julianshapiro | velocity,169397,29458,198855,85.19,14.81,525090,117166,642256,81.76,18.24
JavaScript,kenwheeler | slick,31941,470,32411,98.55,1.45,96806,1728,98534,98.25,1.75
JavaScript,keystonejs | keystone,1109638,68128,1177766,94.22,5.78,3307426,282033,3589459,92.14,7.86
JavaScript,knsv | mermaid,86751,8356,95107,91.21,8.79,274486,32131,306617,89.52,10.48
JavaScript,koajs | koa,31767,3908,35675,89.05,10.95,107122,13227,120349,89.01,10.99
JavaScript,kriasoft | react-starter-kit,14413,7341,21754,66.25,33.75,55219,33596,88815,62.17,37.83
JavaScript,kriskowal | q,46172,9385,55557,83.11,16.89,152697,36497,189194,80.71,19.29
JavaScript,Leaflet | Leaflet,483698,39256,522954,92.49,7.51,1676592,152758,1829350,91.65,8.35
JavaScript,lerna | lerna,132545,12996,145541,91.07,8.93,584094,61100,645194,90.53,9.47
JavaScript,less | less.js,238404,28761,267165,89.23,10.77,746704,112075,858779,86.95,13.05
JavaScript,LisaDziuba | Awesome-Design-Tools,3136,6,3142,99.81,0.19,462490,31,462521,99.99,0.01
JavaScript,localForage | localForage,119260,18250,137510,86.73,13.27,365551,73631,439182,83.23,16.77
JavaScript,lodash | lodash,192276,51678,243954,78.82,21.18,684665,159377,844042,81.12,18.88
JavaScript,lord | slate,56088,21870,77958,71.95,28.05,172295,91239,263534,65.38,34.62
JavaScript,Marak | faker.js,9696104,495840,10191944,95.13,4.87,54626991,2038125,56665116,96.40,3.60
JavaScript,markedjs | marked,26472,1151,27623,95.83,4.17,84194,4597,88791,94.82,5.18
JavaScript,Meituan-Dianping | mpvue,770737,99721,870458,88.54,11.46,2674939,431155,3106094,86.12,13.88
JavaScript,meteor | meteor,1625905,409771,2035676,79.87,20.13,5733015,1667382,7400397,77.47,22.53
JavaScript,Microsoft | monaco-editor,559638,3087,562725,99.45,0.55,3416114,13900,3430014,99.59,0.41
JavaScript,mobxjs | mobx,78853,2906,81759,96.45,3.55,223479,11532,235011,95.09,4.91
JavaScript,mochajs | mocha,124392,23763,148155,83.96,16.04,482143,85002,567145,85.01,14.99
JavaScript,Modernizr | Modernizr,57600,44534,102134,56.40,43.60,242395,166413,408808,59.29,40.71
JavaScript,mojs | mojs,382846,42703,425549,89.97,10.03,1170235,156478,1326713,88.21,11.79
JavaScript,moment | moment,1932233,53492,1985725,97.31,2.69,6812422,203421,7015843,97.10,2.90
JavaScript,MostlyAdequate | mostly-adequate-guide,9518,2326,11844,80.36,19.64,37381,8263,45644,81.90,18.10
JavaScript,mozilla | pdf.js,632071,106802,738873,85.55,14.45,2371071,441731,2812802,84.30,15.70
JavaScript,mrdoob | three.js,5885314,181195,6066509,97.01,2.99,13392724,758064,14150788,94.64,5.36
JavaScript,MrRio | jsPDF,1570107,145530,1715637,91.52,8.48,6805982,563694,7369676,92.35,7.65
JavaScript,mui-org | material-ui,835859,62827,898686,93.01,6.99,4888841,244469,5133310,95.24,4.76
JavaScript,mysqljs | mysql,99184,4515,103699,95.65,4.35,427121,18532,445653,95.84,4.16
JavaScript,naptha | tesseract.js,100553,17570,118123,85.13,14.87,317855,68245,386100,82.32,17.68
JavaScript,NARKOZ | hacker-scripts,1510,282,1792,84.26,15.74,5279,1160,6439,81.98,18.02
JavaScript,NervJS | taro,354803,26143,380946,93.14,6.86,1573002,135053,1708055,92.09,7.91
JavaScript,niklasvh | html2canvas,85959,11424,97383,88.27,11.73,311712,40275,351987,88.56,11.44
JavaScript,nolimits4web | swiper,245552,5468,251020,97.82,2.18,850536,24441,874977,97.21,2.79
JavaScript,nosir | cleave.js,3815296,175915,3991211,95.59,4.41,8584699,811385,9396084,91.36,8.64
JavaScript,nuxt | nuxt.js,152887,23891,176778,86.49,13.51,624657,86333,710990,87.86,12.14
JavaScript,nylas | nylas-mail,550038,12804,562842,97.73,2.27,1006222,51036,1057258,95.17,4.83
JavaScript,ovity | octotree,142779,5672,148451,96.18,3.82,395336,21753,417089,94.78,5.22
JavaScript,parcel-bundler | parcel,129489,9010,138499,93.49,6.51,481168,38417,519585,92.61,7.39
JavaScript,parse-community | parse-server,433193,33816,467009,92.76,7.24,1572079,139851,1711930,91.83,8.17
JavaScript,paularmstrong | normalizr,13216,261,13477,98.06,1.94,46878,1152,48030,97.60,2.40
JavaScript,petkaantonov | bluebird,251846,19155,271001,92.93,7.07,841701,74668,916369,91.85,8.15
JavaScript,photonstorm | phaser,3288494,2658657,5947151,55.30,44.70,9141399,10773480,19914879,45.90,54.10
JavaScript,pixijs | pixi.js,195200,94589,289789,67.36,32.64,665430,375184,1040614,63.95,36.05
JavaScript,Popmotion | popmotion,374882,8198,383080,97.86,2.14,1216753,1284038,2500791,48.65,51.35
JavaScript,postcss | autoprefixer,44003,3772,47775,92.10,7.90,169072,15527,184599,91.59,8.41
JavaScript,postcss | postcss,26023,6,26029,99.98,0.02,86895,22,86917,99.97,0.03
JavaScript,prettier | prettier,362209,59211,421420,85.95,14.05,1227445,222454,1449899,84.66,15.34
JavaScript,pugjs | pug,49638,4232,53870,92.14,7.86,175118,13936,189054,92.63,7.37
JavaScript,quilljs | quill,74785,838,75623,98.89,1.11,289629,4364,293993,98.52,1.48
JavaScript,ramda | ramda,175220,114159,289379,60.55,39.45,475412,304564,779976,60.95,39.05
JavaScript,react-boilerplate | react-boilerplate,38950,5158,44108,88.31,11.69,165636,22358,187994,88.11,11.89
JavaScript,react-bootstrap | react-bootstrap,106057,9858,115915,91.50,8.50,409050,38288,447338,91.44,8.56
JavaScript,Reactive-Extensions | RxJS,2826381,374762,3201143,88.29,11.71,8297374,1612644,9910018,83.73,16.27
JavaScript,react-native-training | react-native-elements,45063,1606,46669,96.56,3.44,175103,7187,182290,96.06,3.94
JavaScript,react-navigation | react-navigation,8567,1146,9713,88.20,11.80,40440,5195,45635,88.62,11.38
JavaScript,ReactTraining | react-router,54334,2956,57290,94.84,5.16,207456,11938,219394,94.56,5.44
JavaScript,reduxjs | react-redux,27360,4031,31391,87.16,12.84,110036,17998,128034,85.94,14.06
JavaScript,reduxjs | redux,40577,3383,43960,92.30,7.70,160721,13778,174499,92.10,7.90
JavaScript,reduxjs | reselect,3524,313,3837,91.84,8.16,11933,1338,13271,89.92,10.08
JavaScript,redux-saga | redux-saga,70477,5191,75668,93.14,6.86,264873,24352,289225,91.58,8.42
JavaScript,remy | nodemon,90782,22184,112966,80.36,19.64,290193,78065,368258,78.80,21.20
JavaScript,request | request,62808,3955,66763,94.08,5.92,222870,17157,240027,92.85,7.15
JavaScript,resume | resume.github.com,42738,142,42880,99.67,0.33,93901,553,94454,99.41,0.59
JavaScript,RocketChat | Rocket.Chat,1335551,49370,1384921,96.44,3.56,4576513,197479,4773992,95.86,4.14
JavaScript,rstacruz | nprogress,2945,615,3560,82.72,17.28,9749,2178,11927,81.74,18.26
JavaScript,ruanyf | es6tutorial,153590,1182,154772,99.24,0.76,390114,5227,395341,98.68,1.32
JavaScript,ruanyf | react-demos,765417,94001,859418,89.06,10.94,2298478,384095,2682573,85.68,14.32
JavaScript,sahat | hackathon-starter,15119,1103,16222,93.20,6.80,55763,4249,60012,92.92,7.08
JavaScript,scrollreveal | scrollreveal,30743,3959,34702,88.59,11.41,101996,16595,118591,86.01,13.99
JavaScript,segmentio | nightmare,107546,3610,111156,96.75,3.25,272658,13793,286451,95.18,4.82
JavaScript,select2 | select2,295382,41778,337160,87.61,12.39,982864,176904,1159768,84.75,15.25
JavaScript,Semantic-Org | Semantic-UI,673771,20702,694473,97.02,2.98,2159037,95130,2254167,95.78,4.22
JavaScript,sentsin | layui,394802,24981,419783,94.05,5.95,1047528,116703,1164231,89.98,10.02
JavaScript,sequelize | sequelize,570438,53687,624125,91.40,8.60,2044918,214109,2259027,90.52,9.48
JavaScript,serverless | serverless,337423,13613,351036,96.12,3.88,1507936,60957,1568893,96.11,3.89
JavaScript,SheetJS | js-xlsx,5419209,189145,5608354,96.63,3.37,21190916,696060,21886976,96.82,3.18
JavaScript,socketio | socket.io,33407,4563,37970,87.98,12.02,101570,17499,119069,85.30,14.70
JavaScript,SortableJS | Sortable,36672,2175,38847,94.40,5.60,108537,9027,117564,92.32,7.68
JavaScript,statsd | statsd,29565,3678,33243,88.94,11.06,98057,14846,112903,86.85,13.15
JavaScript,storybooks | storybook,205530,12652,218182,94.20,5.80,994576,58096,1052672,94.48,5.52
JavaScript,styled-components | styled-components,157945,35954,193899,81.46,18.54,897216,143529,1040745,86.21,13.79
JavaScript,swagger-api | swagger-ui,805063,6567,811630,99.19,0.81,2352431,27374,2379805,98.85,1.15
JavaScript,tabler | tabler,1400922,233274,1634196,85.73,14.27,3821561,834800,4656361,82.07,17.93
JavaScript,tastejs | todomvc,12767724,2603847,15371571,83.06,16.94,46597279,10707095,57304374,81.32,18.68
JavaScript,Tencent | wepy,133352,19300,152652,87.36,12.64,414858,81527,496385,83.58,16.42
JavaScript,thedaviddias | Front-End-Checklist,11091,1709,12800,86.65,13.35,38344,7299,45643,84.01,15.99
JavaScript,tj | commander.js,12147,3100,15247,79.67,20.33,41294,10708,52002,79.41,20.59
JavaScript,transloadit | uppy,135336,18935,154271,87.73,12.27,592584,75714,668298,88.67,11.33
JavaScript,trekhleb | javascript-algorithms,107379,27677,135056,79.51,20.49,373833,101087,474920,78.71,21.29
JavaScript,TryGhost | Ghost,677315,70786,748101,90.54,9.46,2631344,278440,2909784,90.43,9.57
JavaScript,twbs | bootstrap,295171,41683,336854,87.63,12.37,1131785,129549,1261334,89.73,10.27
JavaScript,twitter | typeahead.js,115371,2789,118160,97.64,2.36,360281,11971,372252,96.78,3.22
JavaScript,typicode | json-server,15625,742,16367,95.47,4.53,58714,3219,61933,94.80,5.20
JavaScript,Unitech | pm2,153865,16731,170596,90.19,9.81,521341,64485,585826,88.99,11.01
JavaScript,videojs | video.js,365960,100423,466383,78.47,21.53,2129296,383232,2512528,84.75,15.25
JavaScript,VincentGarreau | particles.js,19551,1094,20645,94.70,5.30,54616,3965,58581,93.23,6.77
JavaScript,visionmedia | superagent,56802,12364,69166,82.12,17.88,183463,43297,226760,80.91,19.09
JavaScript,vuejs | vue,1071259,121534,1192793,89.81,10.19,3591928,520533,4112461,87.34,12.66
JavaScript,vuejs | vue-cli,130798,13954,144752,90.36,9.64,546110,60353,606463,90.05,9.95
JavaScript,vuejs | vuex,45337,4881,50218,90.28,9.72,151821,18791,170612,88.99,11.01
JavaScript,vuetifyjs | vuetify,163780,5369,169149,96.83,3.17,620176,23879,644055,96.29,3.71
JavaScript,wagerfield | parallax,4121,123,4244,97.10,2.90,15278,532,15810,96.64,3.36
JavaScript,webpack | webpack,364530,46608,411138,88.66,11.34,3847734,208706,4056440,94.85,5.15
JavaScript,webtorrent | webtorrent,171998,5477,177475,96.91,3.09,457016,21311,478327,95.54,4.46
JavaScript,wekan | wekan,204079,32707,236786,86.19,13.81,707626,130188,837814,84.46,15.54
JavaScript,wycats | handlebars.js,72458,11518,83976,86.28,13.72,291003,44760,335763,86.67,13.33
JavaScript,yangshun | tech-interview-handbook,5378,85,5463,98.44,1.56,19874,331,20205,98.36,1.64
JavaScript,yarnpkg | yarn,316185,47205,363390,87.01,12.99,1286683,178727,1465410,87.80,12.20
JavaScript,zeit | hyper,736049,197750,933799,78.82,21.18,2626913,699281,3326194,78.98,21.02
JavaScript,zeit | next.js,170909,20714,191623,89.19,10.81,696423,83413,779836,89.30,10.70
JavaScript,zenorocha | clipboard.js,11578,2209,13787,83.98,16.02,39687,8191,47878,82.89,17.11
JavaScript,babel | babel,719145,52682,771827,93.17,6.83,2611720,208614,2820334,92.60,7.40
JavaScript,rollup | rollup,304507,8913,313420,97.16,2.84,1016282,45756,1062038,95.69,4.31
JavaScript,sveltejs | svelte,113516,2938,116454,97.48,2.52,412890,12834,425724,96.99,3.01
